year,pres,presparty
1940,FDR,d
1941,FDR,d
1942,FDR,d
1943,FDR,d
1944,FDR,d
1945,HST,d
1946,HST,d
1947,HST,d
1948,HST,d
1949,HST,d
1950,HST,d
1951,HST,d
1952,HST,d
1953,DDE,r
1954,DDE,r
1955,DDE,r
1956,DDE,r
1957,DDE,r
1958,DDE,r
1959,DDE,r
1960,DDE,r
1961,JFK,d
1962,JFK,d
1963,JFK,d
1964,LBJ,d
1965,LBJ,d
1966,LBJ,d
1967,LBJ,d
1968,LBJ,d
1969,RMN,r
1970,RMN,r
1971,RMN,r
1972,RMN,r
1973,RMN,r
1974,RMN,r
1975,GRF,r
1976,GRF,r
1977,JEC,d
1978,JEC,d
1979,JEC,d
1980,JEC,d
1981,RWR,r
1982,RWR,r
1983,RWR,r
1984,RWR,r
1985,RWR,r
1986,RWR,r
1987,RWR,r
1988,RWR,r
1989,GHB,r
1990,GHB,r
1991,GHB,r
1992,GHB,r
1993,WJC,d
1994,WJC,d
1995,WJC,d
1996,WJC,d
1997,WJC,d
1998,WJC,d
1999,WJC,d
2000,WJC,d
2001,GWB,r
2002,GWB,r
2003,GWB,r
2004,GWB,r
2005,GWB,r
2006,GWB,r
2007,GWB,r
2008,GWB,r
2009,BHO,d
2010,BHO,d
2011,BHO,d
2012,BHO,d
2013,BHO,d
2014,BHO,d
2015,BHO,d
2016,BHO,d
2017,DJT,r
2018,DJT,r
2019,DJT,r
2020,DJT,r
